<?xml version="1.0" encoding="UTF-8"?>
<project-private xmlns="http://www.netbeans.org/ns/project-private/1">
    <editor-bookmarks xmlns="http://www.netbeans.org/ns/editor-bookmarks/2" lastBookmarkId="0"/>
    <open-files xmlns="http://www.netbeans.org/ns/projectui-open-files/2">
        <group>
            <file>file:/C:/Users/shati/OneDrive/Desktop/Medi%20Buddy-20181215T135756Z-001/Medi%20Buddy/ProjectMediDemo1/src/projectmedidemo1/FirstInfoFrame.java</file>
            <file>file:/C:/Users/shati/OneDrive/Desktop/Medi%20Buddy-20181215T135756Z-001/Medi%20Buddy/ProjectMediDemo1/src/projectmedidemo1/NewMedicineFrame.java</file>
            <file>file:/C:/Users/shati/OneDrive/Desktop/Medi%20Buddy-20181215T135756Z-001/Medi%20Buddy/ProjectMediDemo1/src/projectmedidemo1/UpdateMedicineFrame.java</file>
            <file>file:/C:/Users/shati/OneDrive/Desktop/Medi%20Buddy-20181215T135756Z-001/Medi%20Buddy/ProjectMediDemo1/src/projectmedidemo1/UserAndMedicineFrame.java</file>
        </group>
    </open-files>
</project-private>
